INSERT INTO statuses (id, created_at, modified_at, name_status, order_num, user_id) VALUES ('50277892-f860-4cb6-a126-46b99435d83b', '2022-05-10 01:31:00.397935 +00:00', '2022-05-10 01:31:00.397935 +00:00', 'ВИШЛИСТ', 0, 'fba9b929-a765-4e43-bb61-5c3bb47c5084');
INSERT INTO statuses (id, created_at, modified_at, name_status, order_num, user_id) VALUES ('74616441-36f9-4de4-9bd8-e3e8276ffed4', '2022-04-28 08:50:22.578663 +00:00', '2022-04-28 08:50:22.578663 +00:00', 'ОТКАЗЫ', 4, 'fba9b929-a765-4e43-bb61-5c3bb47c5084');
INSERT INTO statuses (id, created_at, modified_at, name_status, order_num, user_id) VALUES ('6af7f8dd-27d9-4a77-b020-f07697b6ca0e', '2022-04-28 08:50:22.578663 +00:00', '2022-04-28 08:50:22.578663 +00:00', 'ОТКЛИК', 1, 'fba9b929-a765-4e43-bb61-5c3bb47c5084');
INSERT INTO statuses (id, created_at, modified_at, name_status, order_num, user_id) VALUES ('315c79fd-0482-4817-8dcb-83979557204c', '2022-04-28 08:50:22.578663 +00:00', '2022-04-28 08:50:22.578663 +00:00', 'ИНТЕРВЬЮ', 2, 'fba9b929-a765-4e43-bb61-5c3bb47c5084');
INSERT INTO statuses (id, created_at, modified_at, name_status, order_num, user_id) VALUES ('6f07bb54-e919-4195-bb5d-c96070bab0de', '2022-04-28 08:50:22.578663 +00:00', '2022-04-28 08:50:22.578663 +00:00', 'ПРЕДЛОЖЕНИЯ', 3, 'fba9b929-a765-4e43-bb61-5c3bb47c5084');

INSERT INTO vacancies (id, company, created_at, location_latitude, location_longitude, modified_at, name_vacancy, notes, salary, status_id, user_id) VALUES ('4618b5ff-809f-4876-bc0f-58460483c975', 'ООО Промэкспертиза', '2022-05-08 15:44:28.347725 +00:00', 51.671867, 39.18712, '2022-05-08 15:44:28.347725 +00:00', 'Backend Node js Developer', 'Ключевые навыки: Node.js PostgreSQL JavaScript SQL TypeScript Nest.js', 230000, '50277892-f860-4cb6-a126-46b99435d83b', 'fba9b929-a765-4e43-bb61-5c3bb47c5084');
INSERT INTO vacancies (id, company, created_at, location_latitude, location_longitude, modified_at, name_vacancy, notes, salary, status_id, user_id) VALUES ('dfec9271-a6ef-4c40-9ef1-de6081263a60', 'ООО Энкри', '2022-05-08 15:37:17.514530 +00:00', 51.669033, 39.191647, '2022-05-08 15:37:17.514530 +00:00', 'Java-программист', 'Ключевые навыки: Hibernate ORM PostgreSQL Java Git Java Servlets', 220000, '50277892-f860-4cb6-a126-46b99435d83b', 'fba9b929-a765-4e43-bb61-5c3bb47c5084');
INSERT INTO vacancies (id, company, created_at, location_latitude, location_longitude, modified_at, name_vacancy, notes, salary, status_id, user_id) VALUES ('fd77988f-3eda-46a5-84bb-eac018c97b15', 'Aviasales', '2022-05-08 19:56:27.165875 +00:00', 51.69185, 39.18269, '2022-05-08 19:56:27.165875 +00:00', 'Backend Разработчик', 'Ключевые навыки: Agile Project Management Scrum Java Core Аналитическое мышление Kanban Quarkus PostgreSQL RabbitMQ', 180000, '6af7f8dd-27d9-4a77-b020-f07697b6ca0e', 'fba9b929-a765-4e43-bb61-5c3bb47c5084');
INSERT INTO vacancies (id, company, created_at, location_latitude, location_longitude, modified_at, name_vacancy, notes, salary, status_id, user_id) VALUES ('3e7a29e8-876a-4aef-98ff-0b1c374615f6', 'Т1 Консалтинг', '2022-05-08 19:56:27.165875 +00:00', 51.662323, 39.19804, '2022-05-08 19:56:27.165875 +00:00', 'Java-разработчик', 'Ключевые навыки: Spring Framework PostgreSQL Java', 150000, '315c79fd-0482-4817-8dcb-83979557204c', 'fba9b929-a765-4e43-bb61-5c3bb47c5084');
INSERT INTO vacancies (id, company, created_at, location_latitude, location_longitude, modified_at, name_vacancy, notes, salary, status_id, user_id) VALUES ('0b705064-e5e4-4eb8-a78f-13aa462db6f2', 'Dsr', '2022-05-08 15:44:28.347725 +00:00', 51.662663, 39.18418, '2022-05-08 15:44:28.347725 +00:00', 'Backend Node js разработчик', 'Ключевые навыки: Node.js PostgreSQL JavaScript SQL TypeScript Nest.js', 200000, '315c79fd-0482-4817-8dcb-83979557204c', 'fba9b929-a765-4e43-bb61-5c3bb47c5084');
INSERT INTO vacancies (id, company, created_at, location_latitude, location_longitude, modified_at, name_vacancy, notes, salary, status_id, user_id) VALUES ('7b331f11-0117-4413-92cd-0d238fbe5025', 'ООО ФРЕГАТ', '2022-05-08 19:56:27.165875 +00:00', 51.67864, 39.18576, '2022-05-08 19:56:27.165875 +00:00', 'Backend Developer', 'Ключевые навыки: Agile Project Management Scrum .NET Core Аналитическое мышление Kanban С# PostgreSQL RabbitMQ', 150000, '6af7f8dd-27d9-4a77-b020-f07697b6ca0e', 'fba9b929-a765-4e43-bb61-5c3bb47c5084');
INSERT INTO vacancies (id, company, created_at, location_latitude, location_longitude, modified_at, name_vacancy, notes, salary, status_id, user_id) VALUES ('37b534ef-0faa-4cdd-97b4-17f62eb9720a', 'ООО  «ОФИСМАГ»', '2022-05-08 19:56:27.165875 +00:00', 51.662556, 39.19605, '2022-05-08 19:56:27.165875 +00:00', 'Системный администратор Linux (DevOps engineer)', 'Ключевые навыки Английский — A1 — Начальный Администрирование серверов Linux Linux Docker Высшее образование Настройка VPS/VDS серверов Zabbix Jenkins Gitlab CI Умение работать в коллективе Gitlab Мониторинг Infrastructure as Code ELK Graylog', 170000, '6f07bb54-e919-4195-bb5d-c96070bab0de', 'fba9b929-a765-4e43-bb61-5c3bb47c5084');
INSERT INTO vacancies (id, company, created_at, location_latitude, location_longitude, modified_at, name_vacancy, notes, salary, status_id, user_id) VALUES ('a82726ea-c2dc-4710-a015-73f7918f8fa6', 'Mintrocket', '2022-05-08 15:37:17.514530 +00:00', 51.66487, 39.20532, '2022-05-08 15:37:17.514530 +00:00', 'Android developer (Kotlin)', 'Ключевые навыки: Kotlin Git Android Android SDK Clean Architecture', 220000, '6f07bb54-e919-4195-bb5d-c96070bab0de', 'fba9b929-a765-4e43-bb61-5c3bb47c5084');
INSERT INTO vacancies (id, company, created_at, location_latitude, location_longitude, modified_at, name_vacancy, notes, salary, status_id, user_id) VALUES ('39b4f92a-ea5a-414f-ba68-e5518aee3f1d', 'Surf', '2022-05-08 19:56:27.165875 +00:00', 51.664497, 39.20014, '2022-05-08 19:56:27.165875 +00:00', 'Middle Back-end разработчик/Team Lead', 'Ключевые навыки: Java Kotlin Postgres Spring Boot REST SQL Angular Docker Английский язык', 250000, '74616441-36f9-4de4-9bd8-e3e8276ffed4', 'fba9b929-a765-4e43-bb61-5c3bb47c5084');
INSERT INTO vacancies (id, company, created_at, location_latitude, location_longitude, modified_at, name_vacancy, notes, salary, status_id, user_id) VALUES ('a8b4df90-ce8f-4099-a7b7-b3d5a074c54d', 'Devexperts', '2022-05-08 19:56:27.165875 +00:00', 51.667, 39.1902, '2022-05-08 19:56:27.165875 +00:00', 'Middle Java Developer', '', 250000, '74616441-36f9-4de4-9bd8-e3e8276ffed4', 'fba9b929-a765-4e43-bb61-5c3bb47c5084');

INSERT INTO contacts (id, company, created_at, first_name, last_name, location_latitude, location_longitude, mail, modified_at, notes, position, skype, telegram_id, telephone, user_id, vacancy_id, vk_id) VALUES ('1b32db82-d27e-4fb7-a427-8c7e67de0385', 'Devexperts', '2022-05-19 21:57:45.574929 +00:00', 'Любомир', 'Корнилов', 51.63634, 39.090065, 'devexperts@gmail.com', '2022-05-19 21:57:45.574929 +00:00', '', 'Team lead', '', '', '+7 (933) 857-9011', 'fba9b929-a765-4e43-bb61-5c3bb47c5084', 'a8b4df90-ce8f-4099-a7b7-b3d5a074c54d', '');
INSERT INTO contacts (id, company, created_at, first_name, last_name, location_latitude, location_longitude, mail, modified_at, notes, position, skype, telegram_id, telephone, user_id, vacancy_id, vk_id) VALUES ('35a7417b-68eb-4cf1-a370-b7a8f5e81156', 'ООО ФРЕГАТ', '2022-05-19 21:55:37.065193 +00:00', 'Иосиф', 'Петров', 51.649006, 39.241062, 'fregat@gmail.com', '2022-05-19 21:55:37.065193 +00:00', '', 'Team lead', '', '', '+7 (925) 703-2462', 'fba9b929-a765-4e43-bb61-5c3bb47c5084', '7b331f11-0117-4413-92cd-0d238fbe5025', '');
INSERT INTO contacts (id, company, created_at, first_name, last_name, location_latitude, location_longitude, mail, modified_at, notes, position, skype, telegram_id, telephone, user_id, vacancy_id, vk_id) VALUES ('7a82b060-287c-4c0e-99ac-6629ea81d71e', 'ООО Промэкспертиза', '2022-05-19 21:54:22.026325 +00:00', 'Ярослав', 'Самойлов', 51.649006, 39.241062, 'prom@gmail.com', '2022-05-19 21:54:22.026325 +00:00', '', 'Team lead', '', '', '+7 (914) 933-3143', 'fba9b929-a765-4e43-bb61-5c3bb47c5084', '4618b5ff-809f-4876-bc0f-58460483c975', '');
INSERT INTO contacts (id, company, created_at, first_name, last_name, location_latitude, location_longitude, mail, modified_at, notes, position, skype, telegram_id, telephone, user_id, vacancy_id, vk_id) VALUES ('e6827207-176f-46c1-b6e3-ef2cb0bce43f', 'ООО Энкри', '2022-05-19 21:58:39.616042 +00:00', 'Петр', 'Ларионов', 51.650948, 39.239895, 'enkry@gmail.com', '2022-05-19 21:58:39.616042 +00:00', '', 'Team lead', '', '', '+7 (911) 908-0154', 'fba9b929-a765-4e43-bb61-5c3bb47c5084', 'dfec9271-a6ef-4c40-9ef1-de6081263a60', '');
INSERT INTO contacts (id, company, created_at, first_name, last_name, location_latitude, location_longitude, mail, modified_at, notes, position, skype, telegram_id, telephone, user_id, vacancy_id, vk_id) VALUES ('78b61015-2f85-4944-b49d-af4b2122ad03', 'Aviasales', '2022-05-19 21:59:25.396469 +00:00', 'Исаак', 'Тихонов', 51.64756, 39.116673, 'aviasales@gmail.com', '2022-05-19 21:59:25.396469 +00:00', '', 'Team lead', '', '', '+7 (938) 430-9392', 'fba9b929-a765-4e43-bb61-5c3bb47c5084', 'fd77988f-3eda-46a5-84bb-eac018c97b15', '');
INSERT INTO contacts (id, company, created_at, first_name, last_name, location_latitude, location_longitude, mail, modified_at, notes, position, skype, telegram_id, telephone, user_id, vacancy_id, vk_id) VALUES ('aa8409ee-cba6-4af7-8158-e98f8dc72929', 'Т1 Консалтинг', '2022-05-19 21:53:03.722268 +00:00', 'Елизавета', 'Ефремова', 51.741806, 39.367405, 't1cons@gmail.com', '2022-05-19 21:53:03.722268 +00:00', '', 'Hr', '', '', '+7 (961) 051-6737', 'fba9b929-a765-4e43-bb61-5c3bb47c5084', '3e7a29e8-876a-4aef-98ff-0b1c374615f6', '');
INSERT INTO contacts (id, company, created_at, first_name, last_name, location_latitude, location_longitude, mail, modified_at, notes, position, skype, telegram_id, telephone, user_id, vacancy_id, vk_id) VALUES ('87577898-c06d-4e83-ab63-96bc2064ad46', 'Dsr', '2022-05-10 18:37:13.395128 +00:00', 'Анфиса', 'Семёнова', 55.699886, 37.920967, 'dsr@gmail.com', '2022-05-10 18:37:13.395128 +00:00', '', 'Hr', '', '', '+7 (929) 155-6709', 'fba9b929-a765-4e43-bb61-5c3bb47c5084', '0b705064-e5e4-4eb8-a78f-13aa462db6f2', '');
INSERT INTO contacts (id, company, created_at, first_name, last_name, location_latitude, location_longitude, mail, modified_at, notes, position, skype, telegram_id, telephone, user_id, vacancy_id, vk_id) VALUES ('893e8923-54b9-4171-a538-82f1f577958c', 'ООО  «ОФИСМАГ»', '2022-05-10 18:48:13.125231 +00:00', 'Андриана', 'Мухина', 55.645245, 37.651333, 'officemag@gmail.com', '2022-05-10 18:48:13.126181 +00:00', '', 'Hr', '', '', '+7 (926) 856-1700', 'fba9b929-a765-4e43-bb61-5c3bb47c5084', '37b534ef-0faa-4cdd-97b4-17f62eb9720a', '');
INSERT INTO contacts (id, company, created_at, first_name, last_name, location_latitude, location_longitude, mail, modified_at, notes, position, skype, telegram_id, telephone, user_id, vacancy_id, vk_id) VALUES ('afbbd8d8-18bd-4e9e-ae70-ededdbd689df', 'Mintrocket', '2022-05-19 21:56:53.400249 +00:00', 'Максим', 'Тихонов', 51.648537, 39.100834, 'mintrocket@gmail.com', '2022-05-19 21:56:53.400249 +00:00', '', 'Team lead', '', '', '+7 (995) 500-9824', 'fba9b929-a765-4e43-bb61-5c3bb47c5084', 'a82726ea-c2dc-4710-a015-73f7918f8fa6', '');
INSERT INTO contacts (id, company, created_at, first_name, last_name, location_latitude, location_longitude, mail, modified_at, notes, position, skype, telegram_id, telephone, user_id, vacancy_id, vk_id) VALUES ('9b915e08-2695-4171-a828-b5a87838b8a9', 'Surf', '2022-05-19 21:51:52.356810 +00:00', 'Кара', 'Федотова', 51.67864, 39.18576, 'surf@gmail.com', '2022-05-19 21:51:52.356810 +00:00', '', 'Hr', '', '', '+7 (923) 600-4247', 'fba9b929-a765-4e43-bb61-5c3bb47c5084', '39b4f92a-ea5a-414f-ba68-e5518aee3f1d', '');

INSERT INTO events (id, begin_date, created_at, end_date, is_completed, modified_at, name, notes, notify_for, user_id, vacancy_id) VALUES ('ac3aed48-71bc-4852-b742-1565b461b94f', '2022-06-03 11:00:00.000000 +00:00', '2022-05-30 19:00:00.000000 +00:00', '2022-05-30 19:00:00.000000 +00:00', false, '2022-05-30 19:00:00.000000 +00:00', 'Собеседование T1 Консалтинг', '', 60, 'fba9b929-a765-4e43-bb61-5c3bb47c5084', '3e7a29e8-876a-4aef-98ff-0b1c374615f6');
INSERT INTO events (id, begin_date, created_at, end_date, is_completed, modified_at, name, notes, notify_for, user_id, vacancy_id) VALUES ('68433486-d24c-4c6a-9fed-0779ac963d79', '2022-05-30 15:00:00.000000 +00:00', '2022-05-30 19:00:00.000000 +00:00', '2022-05-30 19:00:00.000000 +00:00', true, '2022-05-30 19:00:00.000000 +00:00', 'Подготовиться к собеседованию', 'Просмотреть материал по Nest.js', 30, 'fba9b929-a765-4e43-bb61-5c3bb47c5084', '0b705064-e5e4-4eb8-a78f-13aa462db6f2');
INSERT INTO events (id, begin_date, created_at, end_date, is_completed, modified_at, name, notes, notify_for, user_id, vacancy_id) VALUES ('8e52c8e0-f393-435d-abcf-08fc49e14fff', '2022-06-02 09:00:00.000000 +00:00', '2022-05-30 19:00:00.000000 +00:00', '2022-05-30 19:00:00.000000 +00:00', false, '2022-05-30 19:00:00.000000 +00:00', 'Собеседование Dsr', '', 60, 'fba9b929-a765-4e43-bb61-5c3bb47c5084', '0b705064-e5e4-4eb8-a78f-13aa462db6f2');